source,company,role,location,posted_time,job_link,experience,skills,match_score,freshness_priority,final_score,priority_label,status,applied_date,followup_date,notes,recruiter_email,final_score_num
Adzuna,Superclaims,Backend Python Developer,"Hyderabad, Telangana",2026-04-16T11:35:17Z,https://www.adzuna.in/details/5701125957?utm_medium=api&utm_source=e17291d5,Check JD,"About Superclaims Superclaims modernizes health insurance claims adjudication with intelligent automation. We help insurers and TPAs replace manual, document-heavy workflows with faster, more accurate decisions at scale. Role: Python Backend Developer We are looking for a Python Backend Developer who is excited to build AI-powered automation products in a fast-paced startup environment. What you'll do - Build and maintain scalable backend systems and APIs - Develop intelligent data extraction p… ",22,Highest,80,Apply First,Pending,,,,,80
Adzuna,Giggso,Data Analyst,"Hyderabad, Telangana",2026-05-15T09:19:49Z,https://www.adzuna.in/land/ad/5730010260?se=toTuC4dQ8RGiJchPzKRtww&utm_medium=api&utm_source=e17291d5&v=F700E8182C25ED9492CFC7EA3C9779A7E211E174,Check JD,"Hi, Giggso is a fast-growing, US-based product startup specializing in Advanced Machine Learning (AI/ML) and AI-driven enterprise platforms. The company builds scalable, secure, and high-impact products across sales intelligence, conversational AI, governance, and compliance domains. Giggso actively seeks high-performing engineers and leaders who thrive in dynamic product environments, demonstrate strong ownership, and are eager to work on cutting-edge AI technologies. With an AI-First culture,… ",16,Highest,78,High Priority,Pending,,,,,78
Adzuna,Highbrow Technology Inc,Data Scientist,India,2026-05-15T09:21:00Z,https://www.adzuna.in/land/ad/5730011177?se=toTuC4dQ8RGiJchPzKRtww&utm_medium=api&utm_source=e17291d5&v=C2A0A9ED6B16E55ABFA56FE19869B1448B048D27,Check JD,"Data Analyst/ Data Scientist Experience Minimum 5 years Engagement Type Short Term Contract ( 3 months) Skill 5 years data analytics or data science Strong SQL (complex queries, CTEs, window functions) and understanding of dimensional modeling (fact/dim tables) Experience with product event data (Segment, Amplitude, Mixpanel patterns) BigQuery experience and Familiar with data quality challenges and how to handle them Availability 8 hours per day with an overlap of 4 hours with PST. Role Overvi… ",16,Highest,78,High Priority,Pending,,,,,78
Adzuna,Elite Corporate Solutions Private Limited,Senior Data Analyst,India,2026-05-15T15:21:40Z,https://www.adzuna.in/land/ad/5730227098?se=toTuC4dQ8RGiJchPzKRtww&utm_medium=api&utm_source=e17291d5&v=16BA29F53449BF7EFFD2720878FFF03DE5F04E1A,Check JD,"Job Title: Senior Data Analyst  Location: Remote – India  Shift Timing: 4:00 PM – 12:00 AM IST  Employment Type: Full-time Job Summary We are looking for a highly analytical and detail-oriented Senior Data Analyst to join our team. The ideal candidate will be responsible for analyzing complex datasets, generating actionable insights, and supporting business decision-making through data-driven strategies. This role requires strong expertise in SQL, Python, Tableau, and Power BI, along with the a… ",16,Highest,78,High Priority,Pending,,,,,78
Direct Apply,JumpCloud - Lever,JumpCloud - Lever,Check JD,Check JD,https://jobs.lever.co/jumpcloud,Check JD,data analyst remote india fresher SQL Python,11,Highest,76,High Priority,Pending,,,,,76
Direct Apply,Jobs at Nearsure,Jobs at Nearsure,Check JD,Check JD,https://boards.greenhouse.io/nearsure/jobs/4475190007,Check JD,data analyst remote india fresher SQL Python,11,Highest,76,High Priority,Pending,,,,,76
Direct Apply,Jobs at Capco - boards.greenhouse.io,Jobs at Capco - boards.greenhouse.io,Check JD,Check JD,https://boards.greenhouse.io/capco/jobs/6136977?source=LinkedIn,Check JD,data analyst remote india fresher SQL Python,11,Highest,76,High Priority,Pending,,,,,76
Direct Apply,Jobs at Swish Analytics - Greenhouse Software,Jobs at Swish Analytics - Greenhouse Software,Check JD,Check JD,https://boards.greenhouse.io/swishanalytics/jobs/4418813005,Check JD,data analyst remote india fresher SQL Python,11,Highest,76,High Priority,Pending,,,,,76
Direct Apply,"Job Application for Software Engineer, Telemetry at Canonical - Jobs","Job Application for Software Engineer, Telemetry at Canonical - Jobs",Check JD,Check JD,https://boards.greenhouse.io/canonicaljobs/jobs/5993902,Check JD,data analyst remote india fresher SQL Python,11,Highest,76,High Priority,Pending,,,,,76
Direct Apply,Jobs at Glean - boards.greenhouse.io,Jobs at Glean - boards.greenhouse.io,Check JD,Check JD,https://boards.greenhouse.io/gleanwork/jobs/4230544005,Check JD,data analyst remote india fresher SQL Python,11,Highest,76,High Priority,Pending,,,,,76
Direct Apply,Jobs at Canonical - Greenhouse Software,Jobs at Canonical - Greenhouse Software,Check JD,Check JD,https://boards.greenhouse.io/canonical/jobs/4404638,Check JD,data analyst remote india fresher SQL Python,11,Highest,76,High Priority,Pending,,,,,76
Direct Apply,Veeva Systems - Data Analyst,Veeva Systems - Data Analyst,Check JD,Check JD,https://jobs.lever.co/veeva/d11e2dae-731e-4cd1-b817-a3de76ab4eb9,Check JD,data analyst remote india fresher SQL Python,11,Highest,76,High Priority,Pending,,,,,76
Direct Apply,Overmind - Data Analyst,Overmind - Data Analyst,Check JD,Check JD,https://jobs.lever.co/overmind/14c69289-9bac-4014-80d0-ac77639e18ec,Check JD,data analyst remote india fresher SQL Python,11,Highest,76,High Priority,Pending,,,,,76
Direct Apply,Angle Health - Data Analyst - Remote,Angle Health - Data Analyst - Remote,Check JD,Check JD,https://jobs.lever.co/AngleHealth/4f1f4ed7-0f2d-414e-bdf8-1f3e183e7494,Check JD,data analyst remote india fresher SQL Python,11,Highest,76,High Priority,Pending,,,,,76
Direct Apply,Entefy - Data Scientist (Remote) - Lever,Entefy - Data Scientist (Remote) - Lever,Check JD,Check JD,https://jobs.lever.co/entefy/f4710c1b-fc48-4b51-bc80-557285b35385,Check JD,data analyst remote india fresher SQL Python,11,Highest,76,High Priority,Pending,,,,,76
Direct Apply,"Job Application for Senior Data Scientist at Definitive Healthcare, India","Job Application for Senior Data Scientist at Definitive Healthcare, India",Check JD,Check JD,https://boards.greenhouse.io/definitivehcindia/jobs/5169849004,Check JD,data analyst remote india fresher SQL Python,11,Highest,76,High Priority,Pending,,,,,76
Direct Apply,Jobgether - Remote Data Analyst,Jobgether - Remote Data Analyst,Check JD,Check JD,https://jobs.lever.co/jobgether/05c88d66-ac4f-49ea-bb56-a637a8386e6e,Check JD,data analyst remote india fresher SQL Python,11,Highest,76,High Priority,Pending,,,,,76
Direct Apply,Jobgether - Senior Data Analyst - REMOTE,Jobgether - Senior Data Analyst - REMOTE,Check JD,Check JD,https://jobs.lever.co/jobgether/26cbc117-1313-44c9-a06e-6c3d25de0481,Check JD,data analyst remote india fresher SQL Python,11,Highest,76,High Priority,Pending,,,,,76
Adzuna,Techskill Hireact Pvt Ltd,Data Analyst Intern Fresher,"Lucknow, Uttar Pradesh",2026-05-06T13:53:07Z,https://www.adzuna.in/details/5720225450?utm_medium=api&utm_source=e17291d5,Check JD,"Data Analyst Intern (Paid) Company: TechSkill Hireact Location: Remote (India) Duration: 3 Months Stipend: ₹15,000 Opportunity: Potential full-time role  Internship Certificate Role Overview: Support the data team in collecting, cleaning, analyzing, and interpreting data to generate actionable business insights and support decision-making. Key Responsibilities: Collect, clean, and organize datasets from multiple sources Assist in data analysis to identify trends, patterns, and insights Create r… ",11,Highest,76,High Priority,Pending,,,,,76
Adzuna,Spero,Python Developer (Fresher),"Pune, Maharashtra",2026-04-16T02:05:34Z,https://www.adzuna.in/details/5700553939?utm_medium=api&utm_source=e17291d5,Check JD,"Job Description: Python Developer (Fresher)  Job Title: Python Developer  Location: Wakad, Pune ‍ Experience: 0–1 Years (Fresher)  Employment Type: Full-Time  Role Overview We are looking for a passionate and motivated Python Developer to join our IT team. The ideal candidate will be responsible for designing, developing, and maintaining Python-based applications to support business operations while collaborating with cross-functional teams. ️ Key Responsibilities Develop and maintain Python ap… ",11,Highest,76,High Priority,Pending,,,,,76
Adzuna,Spero,Openings for Freshers,"Pune, Maharashtra",2026-03-01T01:51:24Z,https://www.adzuna.in/details/5649034134?utm_medium=api&utm_source=e17291d5,Check JD," Kickstart Your Career with Spero Healthcare Innovations Pvt. Ltd., Pune!  Where Healthcare Meets Cutting-Edge Technology Are you a fresher eager to begin a rewarding career in the healthcare technology sector? Join Spero Healthcare Innovations Pvt. Ltd., a fast-growing healthcare software company in Pune, and be part of our mission to transform patient care through innovation.  Open Positions for Freshers: PHP Developer Python Developer Management Trainee Inside Sales Executive SEO & Digital M… ",11,Highest,76,High Priority,Pending,,,,,76
Adzuna,Afterkarma Inc,Senior Data Analyst,India,2026-05-15T15:23:51Z,https://www.adzuna.in/land/ad/5730228318?se=toTuC4dQ8RGiJchPzKRtww&utm_medium=api&utm_source=e17291d5&v=D7EC761A7442453039403FDC128941DD544BD23F,Check JD,"Role Description We're looking for a hands-on senior analytics engineer to drive product and business decision-making through rigorous analysis, experimentation, and insight delivery. This is a part-time, hourly engagement where you'll work independently across cross-functional teams, turning complex data into clear, actionable recommendations. Technical Requirements Advanced proficiency in SQL and Python or R Hands-on experience designing and analyzing A/B tests and quasi-experiments with soun… ",11,Highest,76,High Priority,Pending,,,,,76
Adzuna,Vivek Travels Pvt. Ltd.,Manager – Software Implementation & Data Analysis,"Delhi, India",2026-05-15T09:20:42Z,https://www.adzuna.in/land/ad/5730010974?se=toTuC4dQ8RGiJchPzKRtww&utm_medium=api&utm_source=e17291d5&v=0FB44259C8564E15330B3AA9C972675BDBB65BE2,Check JD,"Position: Manager – Software Implementation & Data Analysis Company Name: Vivek Travels Pvt. Ltd. Workings Days: 6 Location: Netaji Subhash Place Employment Type: Full-Time Role Overview We are looking for an experienced and technically strong professional for the role of Software Implementation & Data Analyst. The ideal candidate should have hands-on experience in internal software implementation , data analysis, process optimization, and should be comfortable working with modern AI tools and … ",11,Highest,76,High Priority,Pending,,,,,76
Direct Apply,Jobs at Bottomline,Jobs at Bottomline,Check JD,Check JD,https://boards.greenhouse.io/bottomlinetechnologies/jobs/7081997002,Check JD,data analyst remote india fresher SQL Python,11,Highest,76,High Priority,Pending,,,,,76
Direct Apply,Jobgether - Remote Sr. Data Analyst,Jobgether - Remote Sr. Data Analyst,Check JD,Check JD,https://jobs.lever.co/jobgether/af27d9bc-8dd2-4d5d-8c3f-4f62e7a517cc,Check JD,data analyst remote india fresher SQL Python,11,Highest,76,High Priority,Pending,,,,,76
Adzuna,PGAGI,Speech AI Intern (ASR & TTS),India,2026-02-04T11:41:46Z,https://www.adzuna.in/details/5613242789?utm_medium=api&utm_source=e17291d5,Check JD,"About PGAGI At PGAGI, we believe in a future where AI and human intelligence coexist in harmony, creating a world that is smarter, faster, and better. We are not just building AI; we are shaping a future where AI is a fundamental and positive force for businesses, societies, and the planet. Position Overview: We are excited to announce openings for AI/ML Interns who are enthusiastic about artificial intelligence, machine learning, and data-driven technologies. This internship is designed for in… ",22,Highest,75,High Priority,Pending,,,,,75
Adzuna,Sparks To Ideas,Data Science Developer,"Ahmedabad, Gujarat",2026-05-12T05:45:43Z,https://www.adzuna.in/details/5726293574?utm_medium=api&utm_source=e17291d5,Check JD,"Job Description Sparks to Ideas IT Company is an innovation-driven IT solutions provider focused on building intelligent, data-driven software solutions. We emphasize hands-on learning, live project exposure, and long-term career opportunities for talented interns. We are hiring passionate Data Science Interns in Ahmedabad who want real-world experience in data analysis, machine learning, and visualization (link removed) This internship provides practical exposure along with a full-time job opp… ",22,Highest,75,High Priority,Pending,,,,,75
Adzuna,AppZime Technologies,Data Analyst (Fresher),India,2026-05-15T09:21:44Z,https://www.adzuna.in/land/ad/5730011660?se=toTuC4dQ8RGiJchPzKRtww&utm_medium=api&utm_source=e17291d5&v=6344315E19905A1B16A3C4E76E8E976D07BAA817,Check JD,"Role: Data Analyst – Fresher  Location: Noida  Company: AppZime Technologies  Experience: 0–1 Year  Qualification: B.Tech / BCA / MCA / B.Sc (CS/IT) / Relevant Degree About the Role We are looking for a passionate and detail-oriented Data Analyst Fresher who loves working with data, finding insights, and solving business problems. If you enjoy numbers, dashboards, reports, and turning raw data into meaningful decisions, this role is for you. You’ll work closely with different teams to analyze t… ",5,Highest,74,High Priority,Pending,,,,,74
Adzuna,AppZime Technologies,Data Analyst (Fresher),India,2026-05-15T09:21:44Z,https://www.adzuna.in/land/ad/5730011660?se=jNX-f4ZQ8RGNw-9vM3bulQ&utm_medium=api&utm_source=e17291d5&v=6344315E19905A1B16A3C4E76E8E976D07BAA817,Check JD,"Role: Data Analyst – Fresher  Location: Noida  Company: AppZime Technologies  Experience: 0–1 Year  Qualification: B.Tech / BCA / MCA / B.Sc (CS/IT) / Relevant Degree About the Role We are looking for a passionate and detail-oriented Data Analyst Fresher who loves working with data, finding insights, and solving business problems. If you enjoy numbers, dashboards, reports, and turning raw data into meaningful decisions, this role is for you. You’ll work closely with different teams to analyze t… ",5,Highest,74,High Priority,Pending,,,,,74
Adzuna,Honeywell,Data Analyst II,"Bangalore, Karnataka",2026-05-15T10:02:00Z,https://www.adzuna.in/details/5730052716?utm_medium=api&utm_source=e17291d5,Check JD,"As a Data Analyst II, HR Analytics here at Honeywell, you will play a crucial role in leveraging data analytics to drive insights that enhance HR decision-making and improve organizational performance. Your expertise in data analysis will be instrumental in providing actionable recommendations that support HR initiatives and strategies. In this role, you will impact the organization by utilizing data-driven insights to optimize HR processes, enhance employee engagement, and support workforce pl… ",5,Highest,74,High Priority,Pending,,,,,74
Adzuna,Karnataka Information Solution,Software Engineer,"Bangalore, Karnataka",2026-03-23T03:28:53Z,https://www.adzuna.in/details/5675549115?utm_medium=api&utm_source=e17291d5,Check JD,"Dear Candidate We have immediate vacancies for the post of Software Engineer Fresher / C, C++ / Java Developer (link removed) Developer / Full Stack Developer / Front End Developer / Software Testing / Web Developer / Android / Python Developer. Qualification : BE / B.Tech / MCA Freshers and Experienced Salary : 5 Lakhs Per Annum to 12 LPA Contact Mr Vasanth Managing Director 7259549756 / 8722187029 Karnataka Information Solution No.6, Basement Floor, ASVNV Bhavan, Opp State Bank Of India, K.G … ",5,Highest,74,High Priority,Pending,,,,,74
Adzuna,CEDRETO MARKETING PRIVATE LIMITED,Python Developer(Fresher),"Bangalore, Karnataka",2022-05-17T05:30:17Z,https://www.adzuna.in/details/3142255709?utm_medium=api&utm_source=e17291d5,Check JD,"JOB DESCRIPTION DYT - Do Your Thng, is an app, where all social media users can share brands they love with their followers and earn money while doing so We believe everyone is an influencer. Our aim is to democratise social media and allow people to be rewarded for the content they post. How does DYT help you? It accelerates your career through collaboration opportunities with top brands and gives you access to a community full of experts in the influencer space. RESPONSIBILITIES Expert in Pyt… ",5,Highest,74,High Priority,Pending,,,,,74
Adzuna,Mareana,ERP/SAP Business Analyst,"Bangalore, Karnataka",2026-05-15T09:21:44Z,https://www.adzuna.in/land/ad/5730011639?se=toTuC4dQ8RGiJchPzKRtww&utm_medium=api&utm_source=e17291d5&v=5B867BEB054EAB2B3259F86BD892C413F0B4DA02,Check JD,"ERP/SAP Business Analyst Bangalore / Full-Time Job Description Mareana is looking for experienced Business Analyst with a strong data analytics background in Supply Chain Domain and willing to learn new technologies. This role is responsible for developing and enhancing Mareana’s products in supply chain, manufacturing, and unstructured data. What You'll Do Work with customers/SME to understand business processes, brainstorm the functional solution. Discuss with domain SME’s and formulate solut… ",5,Highest,74,High Priority,Pending,,,,,74
Adzuna,Thrymr Software,Python Developer,"Hyderabad, Telangana",2019-06-05T21:12:04Z,https://www.adzuna.in/details/1171507028?utm_medium=api&utm_source=e17291d5,Check JD,"Looking for Fresher Python Developer who has programming skill on Python, Django. Knowledge on Flask and pyramid is desirable Skills: Python, Django, Flask and Pyramid ",5,Highest,74,High Priority,Pending,,,,,74
Adzuna,Dun & Bradstreet India,Data Analyst,"Hyderabad, Telangana",2026-05-15T09:20:19Z,https://www.adzuna.in/land/ad/5730010655?se=toTuC4dQ8RGiJchPzKRtww&utm_medium=api&utm_source=e17291d5&v=0F17DB56140EF5ED78D3C4BBE8F58FBEC697D8B3,Check JD,"A Data Operations Analyst II’s role involves improving our ability to monitor, measure and maintain critical production processes for Global Contact Data. A Data Operations Analyst will have to both be able to work with the Global People Data team’s internal datasets and tools, as well as be able to coordinate with outside groups to continuously meet their needs. A Data Operations Analyst is expected to be a key developer of Global People Data tools that help ensure that all key processes are m… ",5,Highest,74,High Priority,Pending,,,,,74
Adzuna,Spectral Consultants,Data Analyst -(ML OPS Databricks Cloud),"Bangalore, Karnataka",2026-05-15T09:20:18Z,https://www.adzuna.in/land/ad/5730010612?se=toTuC4dQ8RGiJchPzKRtww&utm_medium=api&utm_source=e17291d5&v=59F7A095A7C25C7B475F567DD80589B5CDC5C4E4,Check JD,"Spectral consultants is Hiring for Data Analyst –(ML OPS Databricks Cloud) for one of the Leading Management Consulting Firm  Location: Bangalore (On-site)  Experience: 1–3 Years We are looking for a hands-on MLOps / Analytics Operations professional to support production data and ML pipelines in a Databricks  cloud environment . This is an operations-focused role (not model development) , ideal for candidates who enjoy troubleshooting, managing pipelines, and ensuring smooth production deploym… ",5,Highest,74,High Priority,Pending,,,,,74
Adzuna,Fragma Data Systems,Fresher- Business Analyst / Data Analyst (InternshipJob Opportunity),India,2022-02-12T04:45:34Z,https://www.adzuna.in/details/2890608943?utm_medium=api&utm_source=e17291d5,Check JD,"1. Will be the point of contact for reporting/data management needs and will be responsible to drive complex data analysis and propose improvement opportunities in existing tools and reports. 2. The Business Analyst will be responsible to establish best practices in data management, data visualization, and report distribution. 3. Understanding requirements and converting into technical and business delivers. 4. Leverage data warehouse and other data sources to answer business queries. 5. Doing … ",5,Highest,74,High Priority,Pending,,,,,74
Adzuna,Career Guideline,Data Analyst,"Bangalore, Karnataka",2026-05-15T09:20:27Z,https://www.adzuna.in/land/ad/5730010716?se=toTuC4dQ8RGiJchPzKRtww&utm_medium=api&utm_source=e17291d5&v=23D6845E021A89741E73B0AD46729F566BFBC948,Check JD,"Function: Private Wealth (Business Development) Shift Timings - 12.00pm to 9.30pm or 2.00 PM to 11.30 PM. Location: Bangalore, India Key Responsibility - Seeking a highly motivated professional to support our Private Wealth Business Development team in expanding our analytics & reporting capabilities globally. This role will partner across COE & Client teams with responsibilities that include: · Prepare recurring sales and fundraise reporting across Private Wealth sales channels and products wi… ",5,Highest,74,High Priority,Pending,,,,,74
Adzuna,Optimspace,Machine Learning Intern,"Pune, Maharashtra",2025-11-20T00:58:19Z,https://www.adzuna.in/details/5503837634?utm_medium=api&utm_source=e17291d5,Check JD,"Machine Learning Intern Company: Optimspace.in Location: Remote Duration: 3 months Opportunity: Full-time based on performance, with Certificate of Internship About Optimspace.in Optimspace.in provides students and graduates with hands-on learning opportunities and career growth in Machine Learning and Data Science. Role Overview As a Machine Learning Intern, you will work on real-world projects, enhancing your practical skills in data analysis and model development. Responsibilities ✅ Design, … ",16,Highest,73,High Priority,Pending,,,,,73
Adzuna,Mente Consultancies,Paid Internship - Machine Learning and Programming,"New Delhi, Delhi",2026-05-13T18:59:09Z,https://www.adzuna.in/land/ad/5728103111?se=oM4ywYZQ8RGNw-9vM3bulQ&utm_medium=api&utm_source=e17291d5&v=A530CF95D3A5832FE43B24E65D646FADAA6D94CB,Check JD,"Mente Consultancies Pvt. Ltd. is looking for Machine Learning and Programming interns at their office located in New Delhi. The internship will vary with an initial period of 3 months to 6 months, including 2 weeks of Induction training. The incumbent will be paid during the internship period. This is an on-site role. The incumbent is expected to do the following: - Work on programming assignments leveraging Java, Python, R and SAS Support project teams on design, development and testing of sof… ",16,Highest,73,High Priority,Pending,,,,,73
Adzuna,Unknown Company,Data Research Executive,"Chennai, Tamil Nadu",2024-05-10T07:38:59Z,https://www.adzuna.in/details/4686706089?utm_medium=api&utm_source=e17291d5,Check JD,"We are looking out fresher/experienced for data analyst role in our organization. Incumbent must have good knowledge in data research.Salary would be 8000-10000 Per Month.Regards,Mr.Sridhar.S ",0,Highest,73,High Priority,Pending,,,,,73
Adzuna,Pearson,"Advanced Specialist, Technology Data Analyst","Bangalore, Karnataka",2026-05-15T10:03:34Z,https://www.adzuna.in/details/5730053471?utm_medium=api&utm_source=e17291d5,Check JD,"Role Overview We are looking for a Data Platform Reliability Engineer to ensure the reliability, scalability, and performance of our enterprise data platform. This role blends Site Reliability Engineering (SRE) and DevOps practices to support modern cloud-based data ecosystems built on Google BigQuery, lakehouse architectures, and distributed data pipelines. You will play a key role in building highly resilient, governable, observable, and cost-efficient data platforms, while enabling engineeri… ",0,Highest,73,High Priority,Pending,,,,,73
Adzuna,AagatiServe,Data Analyst,"Coimbatore, Tamil Nadu",2026-05-15T09:21:42Z,https://www.adzuna.in/land/ad/5730011566?se=toTuC4dQ8RGiJchPzKRtww&utm_medium=api&utm_source=e17291d5&v=2C6FF96A75AD018AFE285A48319B258197AE622A,Check JD,"Job Description: Job Title: Data Processing Analyst Job Type: Full-Time Experience: 3 Years in Market Research Industry Job Summary: We are looking for a meticulous and analytical Data Processing Analyst to join our team. The ideal candidate will have over 3 years of experience in the market research industry, with a strong background in data processing and analysis. This role involves managing and processing large datasets to ensure data quality and integrity for research projects. Key Respons… ",0,Highest,73,High Priority,Pending,,,,,73
Adzuna,Gururo,Data Analyst – Intern/Fresher/Experienced,"Vadodara, Gujarat",2025-12-04T23:07:36Z,https://www.adzuna.in/details/5527692918?utm_medium=api&utm_source=e17291d5,Check JD,"Location : Vadodara Type : Full-time / Internship Duration (for interns) : Minimum 3 months Stipend/CTC : Based on experience and role About Gururo Gururo is a global leader in practical, career-transforming education. With a mission to equip professionals and students with real-world skills, we specialize in project management, leadership, business analytics, and emerging technologies. Join our dynamic, impact-driven team to work on data-centric products that empower decision-making and transf… ",0,Highest,73,High Priority,Pending,,,,,73
Adzuna,Cerebras Systems,ML Research Engineer (Inference),"Bangalore, Karnataka",2026-04-11T01:51:53Z,https://www.adzuna.in/details/5695856800?utm_medium=api&utm_source=e17291d5,Check JD,"Cerebras Systems builds the world's largest AI chip, 56 times larger than GPUs. Our novel wafer-scale architecture provides the AI compute power of dozens of GPUs on a single chip, with the programming simplicity of a single device. This approach allows Cerebras to deliver industry-leading training and inference speeds and empowers machine learning users to effortlessly run large-scale ML applications, without the hassle of managing hundreds of GPUs or TPUs. Cerebras' current customers include … ",16,Highest,73,High Priority,Pending,,,,,73
Adzuna,Mente Consultancies,Paid Internship - Machine Learning and Programming,"New Delhi, Delhi",2026-05-13T18:59:09Z,https://www.adzuna.in/land/ad/5728103111?se=YJt8s4ZQ8RGH_dNRytL1PQ&utm_medium=api&utm_source=e17291d5&v=A530CF95D3A5832FE43B24E65D646FADAA6D94CB,Check JD,"Mente Consultancies Pvt. Ltd. is looking for Machine Learning and Programming interns at their office located in New Delhi. The internship will vary with an initial period of 3 months to 6 months, including 2 weeks of Induction training. The incumbent will be paid during the internship period. This is an on-site role. The incumbent is expected to do the following: - Work on programming assignments leveraging Java, Python, R and SAS Support project teams on design, development and testing of sof… ",16,Highest,73,High Priority,Pending,,,,,73
Adzuna,UK&Co,Data Analyst,India,2026-02-17T03:17:17Z,https://www.adzuna.in/details/5632361335?utm_medium=api&utm_source=e17291d5,Check JD,"Company Overview UK&Co is a management consulting firm with over three decades of experience in creating legendary brands. We specialize in working with FMCG organizations, employing a data-driven approach to help build next-generation brand experiences. Our proprietary research methodology and deep industry expertise enable us to focus on execution from the onset of our assignments. With our headquarters in Bangalore and a team of 11-50 employees, UK&Co is dedicated to decision-making and impl… ",0,Highest,73,High Priority,Pending,,,,,73
Adzuna,Informica Solutions,ML Lead - Pan India (Hybrid) - 8Years,India,2026-05-15T22:35:49Z,https://www.adzuna.in/details/5730456115?utm_medium=api&utm_source=e17291d5,Check JD,"Role Summary We are seeking a highly experienced Machine Learning Lead to drive the architecture, development, and deployment of advanced machine learning solutions. In this role, you will not only lead a talented technical team but also serve as the critical bridge between our engineering efforts and our clients. You must possess the unique ability to distill complex, highly technical ML concepts into clear, business-driven language for stakeholders, ensuring the successful delivery of complex… ",11,Highest,71,High Priority,Pending,,,,,71
Adzuna,Gururo,AI/ML Engineer – Intern/Fresher/Experienced,"Vadodara, Gujarat",2025-12-04T23:03:49Z,https://www.adzuna.in/details/5527658896?utm_medium=api&utm_source=e17291d5,Check JD,"Location: Vadodara Type: Full-time / Internship Duration (for interns): Minimum 3 months Stipend/CTC: Based on experience and role About Gururo Gururo is an industry leader in practical, career-transforming education. With a mission to empower professionals and students through real-world skills, we specialize in project management, leadership development, and emerging technologies. Join our fast-paced, mission-driven team and work on AI/ML-powered platforms that impact thousands globally. Who … ",11,Highest,71,High Priority,Pending,,,,,71
Adzuna,REDHILL SOFTEC,Internship for Final Year Students,"Bangalore, Karnataka",2024-06-28T09:52:51Z,https://www.adzuna.in/details/4755734491?utm_medium=api&utm_source=e17291d5,Check JD,Internship Opportunity at REDHILL SOFTEC Position: Software Intern Duration: 3 Months Domains: Machine Learning or Full Stack Web Development Working Hours: 10 AM - 6 PM About REDHILL SOFTEC: REDHILL SOFTEC is a dynamic and innovative tech company committed to fostering talent and driving technological advancements. We are excited to announce an exclusive internship opportunity for MCA students passionate about Machine Learning or Full Stack Web Development. Internship Details: Duration: The in… ,11,Highest,71,High Priority,Pending,,,,,71
